threshold,precision,recall,f1
8.953571486233105e-05,0.09506250562100908,1.0,0.17362023653088043
0.00036952327103076805,0.10039893617021277,1.0,0.18247734138972813
0.00039889020385509285,0.13458110516934046,1.0,0.2372348782403771
0.00041148269854222,0.1494204127791914,1.0,0.2599926208338458
0.00042483447913030197,0.15074158585282374,1.0,0.26199033337464367
0.00043627672128751207,0.1554640388292396,1.0,0.2690936863543788
0.0004466961519661474,0.16090729182523977,1.0,0.2772095462890113
0.00045425112287949784,0.16176920722375268,1.0,0.2784876827822421
0.00046121922619324324,0.17040141866838626,1.0,0.29118457300275485
0.0004640857649231976,0.1743361372257958,1.0,0.2969101123595505
0.0004793339686880156,0.18167755242351324,1.0,0.3074909090909091
0.0004841847507220692,0.1833795975017349,1.0,0.3099252309045594
0.0004885964876604964,0.18485484435117175,1.0,0.312029520295203
0.0004958829263747682,0.18609154929577465,1.0,0.31378952055811193
0.0005006096831066055,0.18837996792015682,1.0,0.3170365926814637
0.0005058104465678691,0.1912083936324168,1.0,0.32103264996203495
0.0005117187054568006,0.1933772411269667,1.0,0.3240840104246512
0.0005193659424278802,0.19419437810031231,1.0,0.3252307692307692
0.0005237406067346639,0.19581326417191552,1.0,0.3274980635166538
0.0005278432064140863,0.19742248785954428,1.0,0.3297457494930588
0.0005354205946078292,0.1985349361382419,1.0,0.33129603510421557
0.000541929726378008,0.2006073258682862,1.0,0.3341764147960797
0.0005490391523606038,0.20160213618157544,1.0,0.33555555555555555
0.000561478683202467,0.20241286863270777,1.0,0.3366778149386845
0.0005672700279774104,0.2031910803537101,1.0,0.33775363476593706
0.0005738424030619884,0.2046070460704607,1.0,0.33970753655793023
0.0005855401818416116,0.20592246249756477,1.0,0.3415185783521809
0.0005919484842730519,0.20660672400312743,1.0,0.34245909606350233
0.000595777807564901,0.20798898071625344,1.0,0.3443557582668187
0.0006005088484507561,0.20885200553250347,1.0,0.345537757437071
0.0006071314029413634,0.21123101518784973,1.0,0.34878732882362645
0.0006113050684977679,0.21246231155778894,1.0,0.3504641909814324
0.0006159706497247849,0.21379449838187703,1.0,0.35227462089651723
0.0006214182283438148,0.21518729641693812,1.0,0.3541631764114592
0.0006256989951840649,0.21713229252259655,1.0,0.3567932489451477
0.00063064384689977,0.22873836831854577,1.0,0.3723141951391335
0.0006343068980197929,0.22958297132927888,1.0,0.3734322557851969
0.000638392016815177,0.2334363957597173,1.0,0.3785138764547896
0.000642163180438542,0.2372615039281706,1.0,0.3835268505079826
0.0006444039778873318,0.23887005649717513,1.0,0.38562568405691355
0.0006492400067483895,0.240281882245965,1.0,0.38746334310850444
0.00065242195624465,0.2419871794871795,1.0,0.3896774193548387
0.0006534843652188392,0.24847202632816173,1.0,0.3980418000376577
0.000656451338655226,0.25023674242424243,1.0,0.4003029729217951
0.0006593244768953495,0.25142721217887726,1.0,0.4018247481467402
0.0006633910828883012,0.2533557046979866,1.0,0.4042838018741633
0.0006665344011348846,0.2607944732297064,1.0,0.4136986301369863
0.0006686857075460105,0.2658450704225352,1.0,0.42002781641168285
0.0006736943790611494,0.2677983278439321,1.0,0.42246203037569946
0.0006770974042550447,0.2695053544110148,1.0,0.4245832496485238
0.0006813323748335628,0.27130390143737165,1.0,0.42681203311124566
0.0006874168174903583,0.2767015706806283,1.0,0.43346319458683624
0.000691394644804358,0.2830744509908945,1.0,0.44124399916510126
0.0006946708495106976,0.2862946912242687,1.0,0.44514634659928404
0.0007019555314391764,0.2907840440165062,1.0,0.4505541346973572
0.0007065244487110331,0.29304130856667593,1.0,0.45325900514579764
0.0007135490896632658,0.29483960948396093,1.0,0.4554071520896165
0.0007157158479939411,0.2970770095559303,1.0,0.4580715059588299
0.0007184904343002912,0.2984189723320158,1.0,0.4596651445966514
0.0007270321198984227,0.305314846909301,1.0,0.46780261119716754
0.0007320016004490784,0.30852305896088733,1.0,0.4715592237341066
0.0007378278016132491,0.3109738158281848,1.0,0.47441651705565535
0.0007471132080482845,0.31337088645123035,1.0,0.4772009029345372
0.0007510146251171259,0.314676987198571,1.0,0.478713768115942
0.0007563025350973581,0.3163723436096977,1.0,0.4806730331969077
0.00076324204081255,0.3174174174174174,1.0,0.48187827672669253
0.0007694491677466575,0.3203030303030303,1.0,0.48519623594216205
0.0007755372647750514,0.322846670739157,1.0,0.4881089817594089
0.0007821889235514018,0.3252307692307692,1.0,0.49082888321337353
0.0007906807754860862,0.3276503409795412,1.0,0.493579266869017
0.00080590486242096,0.32979719188767553,1.0,0.49601126231816045
0.0008229484707819,0.3324944951242529,1.0,0.4990557129367328
0.0008439659605329243,0.33534263959390864,1.0,0.5022570681872178
0.0008667629896809022,0.33726866624122526,1.0,0.504414220949654
0.0008780978022994507,0.33867350208266583,1.0,0.5059837242699856
0.0009050681525525986,0.3403090792015454,1.0,0.5078068700456402
0.0009168688476359311,0.3424036281179138,1.0,0.5101351351351352
0.0009322262116374205,0.34452411994784876,1.0,0.5124848484848484
0.0009450519530345735,0.34746877054569364,1.0,0.5157355452549403
0.0009699923714687459,0.34930601454064775,1.0,0.517756551555229
0.0009897795505137811,0.35069674850696747,1.0,0.5192827315155981
0.001012208506252627,0.35233333333333333,1.0,0.5210746857283707
0.0010483193801786182,0.3542225201072386,1.0,0.5231378371690175
0.001082746327778672,0.3561320754716981,1.0,0.5252173913043479
0.0011312900195043077,0.3581836665537106,1.0,0.5274451097804391
0.0011806791137054253,0.3605047748976808,1.0,0.5299573828027074
0.0012033153202676485,0.3631054620405359,1.0,0.5327620967741936
0.0012314456755884882,0.36511226252158896,1.0,0.534919028340081
0.001263843499906137,0.36739659367396593,1.0,0.5373665480427047
0.0013056183385640146,0.3711376404494382,1.0,0.5413572343149808
0.0013369299835759472,0.37336630166019075,1.0,0.543724279835391
0.0013597962777386775,0.3773652267047483,1.0,0.5479523068947642
0.0013884844069038252,0.3806265754411235,1.0,0.5513823682837767
0.001408094589140551,0.3836660617059891,1.0,0.5545645330535153
0.0014360503882193776,0.38576642335766426,1.0,0.5567553331577562
0.0014561155483112339,0.3888888888888889,1.0,0.56
0.0014763293618921508,0.3922077922077922,1.0,0.5634328358208955
0.0014897153480197608,0.39440298507462684,1.0,0.5656944072785657
0.0015043312217307401,0.3969207660533233,1.0,0.5682795698924731
0.0015204703946665246,0.40113851992409866,1.0,0.5725893824485374
0.0015292987713949077,0.4049808429118774,1.0,0.5764930460867195
0.001553849200642267,0.4071648690292758,1.0,0.5787024363536819
0.0015654253012290457,0.41032608695652173,1.0,0.581888246628131
0.0015814200754455908,0.4164696611505122,1.0,0.588038942976356
0.0016015017165500953,0.42078025477707004,1.0,0.5923227794900532
0.0016349477437770789,0.42449799196787147,1.0,0.5959966168593177
0.0016503594472564221,0.42845561410620187,1.0,0.5998864926220204
0.0016655678519622698,0.43284193284193284,1.0,0.6041726207487854
0.0016858766361758642,0.43677685950413225,1.0,0.6079953983318953
0.0017031713727146342,0.4404166666666667,1.0,0.6115128724327452
0.0017190907393649477,0.4443043295502312,1.0,0.6152502910360885
0.001736257616998893,0.4473127380448582,1.0,0.6181286549707602
0.00175419610542744,0.4532590051457976,1.0,0.6237828267925641
0.00177396879325064,0.4603658536585366,1.0,0.6304801670146137
0.0017951997783212156,0.46502419709634846,1.0,0.6348348348348348
0.0018188292709329144,0.4725078229772016,1.0,0.641772920461445
0.0018412475194803065,0.478713768115942,1.0,0.6474732006125574
0.0018592394753827845,0.4841960604672469,1.0,0.6524691358024691
0.0018779159823505444,0.4941561477325853,1.0,0.6614518147684606
0.0019017292634021534,0.4976459510357815,1.0,0.6645708896573405
0.0019163887945290543,0.5033333333333333,1.0,0.6696230598669622
0.0019349642765364196,0.5081730769230769,1.0,0.6738922537456168
0.0019505474662911359,0.5133559980573094,1.0,0.6784338896020539
0.00197265694561082,0.5163654127992183,1.0,0.6810567010309277
0.001980132117686732,0.5217176702862784,1.0,0.6856957508919883
0.0019996480393394333,0.5271820448877805,1.0,0.6903984323971261
0.0020216591766234453,0.5319577252138903,1.0,0.6944809461235217
0.0020480515302333017,0.5373665480427047,1.0,0.6990740740740742
0.002064599269077466,0.5406649616368286,1.0,0.701859229747676
0.0021024568205593942,0.5459710743801653,1.0,0.7063147343802205
0.0021182076642641545,0.5522466039707419,1.0,0.7115449343655335
0.0021405153761400275,0.5577836411609499,1.0,0.7161246612466126
0.0021657123690153267,0.5646367521367521,1.0,0.7217480368726528
0.0022045641747434445,0.5691976305869683,1.0,0.7254632807137954
0.0022471116709056986,0.5753946652150245,1.0,0.7304768486523842
0.002275781922047795,0.5804503020318507,1.0,0.7345378735232801
0.002338704426240405,0.5852713178294574,1.0,0.7383863080684596
0.0023784768041123267,0.5901730876605249,1.0,0.7422752808988764
0.0024768021077327465,0.5951576576576577,1.0,0.7462054359336393
0.0026035321361678504,0.6019362186788155,1.0,0.7515108425168859
0.002724319020046655,0.606425702811245,1.0,0.755
0.0028848128834119114,0.6131090487238979,1.0,0.7601582164688961
0.003215913427482177,0.6192149970708846,1.0,0.7648335745296672
0.003801325106386596,0.6269276393831554,1.0,0.7706890266131972
0.004050473502176868,0.6336930455635491,1.0,0.7757798165137615
0.004567967288303481,0.6421628189550426,1.0,0.7820939696633371
0.00534784272065649,0.6508620689655172,1.0,0.7885117493472584
0.006036639469737459,0.6557071960297767,1.0,0.7920569501686024
0.008214849702128274,0.6610381488430269,1.0,0.7959337349397592
0.00906211260536693,0.6672979797979798,1.0,0.8004543733434305
0.010378112657233025,0.6736775015933716,1.0,0.805026656511805
0.01277067401348803,0.6788696210661529,1.0,0.8087222647283856
0.01759493525717876,0.6846553966189857,0.9962157048249763,0.8115606936416185
0.029771064377315515,0.6909448818897638,0.9962157048249763,0.8159628051142968
0.08071508634468372,0.6926147704590818,0.9848628192999054,0.81328125
0.1294645809755349,0.691683569979716,0.967833491012299,0.806782334384858
0.22738902840584257,0.6952642415923129,0.9583727530747398,0.8058870326173428
0.3248721230859163,0.6913925822253324,0.934720908230842,0.7948511665325824
0.38068020284713117,0.6884422110552764,0.9072847682119205,0.7828571428571428
0.41853875273499974,0.6851716581446311,0.8874172185430463,0.7732893652102225
0.44476233279471994,0.6900149031296572,0.8760643330179754,0.7719883284701958
0.4776095863668613,0.6871637202152191,0.8457899716177862,0.7582697201017813
0.5089475575050065,0.6865203761755486,0.8287606433301797,0.7509644234890699
0.5490976205500528,0.6875,0.8117313150425733,0.7444685466377441
0.5678032738584791,0.6845582163501238,0.7842951750236519,0.7310405643738976
0.5842870224138995,0.6852320675105485,0.7682119205298014,0.7243532560214094
0.6010813729693189,0.6855400696864111,0.7445600756859035,0.7138321995464854
0.6195790670512852,0.6819407008086253,0.718070009460738,0.6995391705069124
0.632267650197289,0.6821130676552364,0.6963103122043519,0.6891385767790261
0.6584942943435623,0.6777883698760725,0.6726584673604541,0.6752136752136753
0.6915361991200639,0.6780487804878049,0.6575212866603595,0.6676272814601344
0.7143869959860583,0.683049147442327,0.6442762535477767,0.6630963972736124
0.7318148694029843,0.6933333333333334,0.6395458845789972,0.6653543307086615
0.7438279898203705,0.6986301369863014,0.6272469252601703,0.6610169491525424
0.7939895093788855,0.7055616139585605,0.6121097445600757,0.6555217831813576
0.8149858889324676,0.7115600448933782,0.5998107852412489,0.6509240246406571
0.8253141967312984,0.7171129220023282,0.5827814569536424,0.6430062630480167
0.8337694842589494,0.7247596153846154,0.5704824976348155,0.6384330333509793
0.84254116011968,0.72875,0.5515610217596972,0.6278944534194937
0.8479845722148152,0.727509778357236,0.5279091769157994,0.6118421052631577
0.8561386468961609,0.7247956403269755,0.5033112582781457,0.5940815187046342
0.8626481850554463,0.7296511627906976,0.4749290444654683,0.5753581661891117
0.8668444409759662,0.7361963190184049,0.45411542100283825,0.5617320070216502
0.8754266816352666,0.7418300653594772,0.4295175023651845,0.5440383463151588
0.8834097900715869,0.7482638888888888,0.4077578051087985,0.5278628291488059
0.8900930549672394,0.7602996254681648,0.3841059602649007,0.5103708359522313
0.8925013188087842,0.7874493927125507,0.3680227057710501,0.5016118633139909
0.899344517266243,0.7930283224400871,0.3443708609271523,0.4802110817941952
0.9083579704174138,0.8037383177570093,0.3254493850520341,0.4632996632996633
0.9105738546486568,0.816793893129771,0.30368968779564803,0.44275862068965516
0.9134751153296071,0.838150289017341,0.27436140018921473,0.4133998574483249
0.93418011560653,0.8627450980392157,0.24976348155156103,0.3873807776962583
0.9607949708294097,0.8669201520912547,0.21570482497634816,0.3454545454545455
0.964977019513023,0.8930232558139535,0.1816461684011353,0.3018867924528302
0.9661294947692344,0.9316770186335404,0.14191106906338694,0.2463054187192118
0.9719998851660498,0.9741379310344828,0.10690633869441817,0.1926683716965047
0.9787592305072763,0.9625,0.0728476821192053,0.13544415127528583
0.9844868237418101,0.9615384615384616,0.04730368968779565,0.09017132551848511
0.9895459662178043,0.9310344827586207,0.02554399243140965,0.049723756906077346
0.9918582326505659,1.0,0.001892147587511826,0.003777148253068933
