,label,brier_score,ece,n_bins,is_well_calibrated
0,Window-1 (raw),0.03453241760020764,0.027362890631817627,10,True
1,Window-1 (Platt),0.038182387383838876,0.030411916146341488,10,True
2,Window-1 (isotonic),0.02904872972821603,2.466885409895421e-18,10,True
3,Window-2 (raw),0.034673102188274976,0.027410801355522273,10,True
4,Window-2 (Platt),0.03222463283466283,0.008985748274716304,10,True
5,Window-2 (isotonic),0.029413797157734973,1.637417903823369e-17,10,True
6,Window-3 (raw),0.03829108729878887,0.03766701582047408,10,True
7,Window-3 (Platt),0.0439537998584281,0.03327771121187321,10,True
8,Window-3 (isotonic),0.02686656363671529,2.663009179341441e-17,10,True
